block,block_Integer,block_Alphabet,block_alp_int
309,309,,0
216,216,,0
211,211,,0
202,202,,0
235,235,,0
232,232,,0
308,308,,0
220,220,,0
219,219,,0
247,247,,0
320,320,,0
252,252,,0
223,223,,0
230,230,,0
329,329,,0
313,313,,0
117,117,,0
110,110,,0
343,343,,0
345,345,,0
346,346,,0
121,121,,0
129,129,,0
130,130,,0
128,128,,0
127,127,,0
126,126,,0
403,403,,0
404,404,,0
405,405,,0
417,417,,0
418,418,,0
419,419,,0
441,441,,0
442,442,,0
443,443,,0
444,444,,0
450,450,,0
435,435,,0
433,433,,0
434,434,,0
424,424,,0
425,425,,0
466,466,,0
471,471,,0
474,474,,0
570,570,,0
586,586,,0
455,455,,0
465,465,,0
463,463,,0
564,564,,0
560,560,,0
558,558,,0
559,559,,0
538,538,,0
534,534,,0
601,601,,0
603,603,,0
604,604,,0
608,608,,0
611,611,,0
505,505,,0
503,503,,0
610,610,,0
607,607,,0
524,524,,0
513,513,,0
643,643,,0
542,542,,0
548,548,,0
550,550,,0
639,639,,0
637,637,,0
330,330,,0
333,333,,0
156,156,,0
152,152,,0
178,178,,0
180,180,,0
209,209,,0
231,231,,0
254,254,,0
103,103,,0
105,105,,0
344,344,,0
324,324,,0
120,120,,0
124,124,,0
414,414,,0
438,438,,0
427,427,,0
428,428,,0
473,473,,0
573,573,,0
585,585,,0
456,456,,0
544,544,,0
640,640,,0
638,638,,0
646,646,,0
150,150,,0
179,179,,0
336,336,,0
335,335,,0
401,401,,0
439,439,,0
430,430,,0
460,460,,0
459,459,,0
716,716,,0
545,545,,0
620,620,,0
622,622,,0
259,259,,0
101,101,,0
18,18,,0
28,28,,0
29,29,,0
30,30,,0
75,75,,0
76,76,,0
501,501,,0
502,502,,0
504,504,,0
2,2,,0
20,20,,0
21,21,,0
59,59,,0
58,58,,0
55,55,,0
22,22,,0
104,104,,0
107,107,,0
69,69,,0
33,33,,0
46,46,,0
116,116,,0
115,115,,0
125,125,,0
138,138,,0
87,87,,0
100,100,,0
412,412,,0
402,402,,0
416,416,,0
136,136,,0
529,529,,0
510,510,,0
525,525,,0
218,218,,0
213,213,,0
532,532,,0
533,533,,0
536,536,,0
537,537,,0
44,44,,0
540,540,,0
702,702,,0
615,615,,0
712,712,,0
50,50,,0
54,54,,0
606,606,,0
616,616,,0
15,15,,0
34,34,,0
36,36,,0
35,35,,0
41,41,,0
42,42,,0
53,53,,0
51,51,,0
8,8,,0
718,718,,0
724,724,,0
166,166,,0
71,71,,0
82,82,,0
78,78,,0
79,79,,0
80,80,,0
134,134,,0
132,132,,0
131,131,,0
133,133,,0
89,89,,0
62,62,,0
422,422,,0
507,507,,0
508,508,,0
517,517,,0
95,95,,0
93,93,,0
43,43,,0
543,543,,0
547,547,,0
708,708,,0
707,707,,0
713,713,,0
609,609,,0
61,61,,0
56,56,,0
165,165,,0
710,710,,0
613,613,,0
602,602,,0
605,605,,0
112,112,,0
1,1,,0
722,722,,0
72,72,,0
31,31,,0
111,111,,0
118,118,,0
96,96,,0
137,137,,0
139,139,,0
725,725,,0
24,24,,0
304,304,,0
310,310,,0
160,160,,0
161,161,,0
164,164,,0
177,177,,0
205,205,,0
248,248,,0
258,258,,0
4,4,,0
6,6,,0
146,146,,0
143,143,,0
145,145,,0
182,182,,0
228,228,,0
227,227,,0
244,244,,0
113,113,,0
163,163,,0
169,169,,0
204,204,,0
135,135,,0
184,184,,0
225,225,,0
123,123,,0
307,307,,0
221,221,,0
214,214,,0
142,142,,0
140,140,,0
141,141,,0
7,7,,0
40,40,,0
77,77,,0
119,119,,0
114,114,,0
5,5,,0
12,12,,0
16,16,,0
13,13,,0
108,108,,0
102,102,,0
106,106,,0
63,63,,0
60,60,,0
3,3,,0
19,19,,0
26,26,,0
37,37,,0
47,47,,0
109,109,,0
57,57,,0
48,48,,0
73,73,,0
66,66,,0
264,264,,0
271,271,,0
664,664,,0
9,9,,0
10,10,,0
663,663,,0
662,662,,0
335B,335,B,2
632,632,,0
633,633,,0
642,642,,0
440,440,,0
509,509,,0
363,363,,0
365,365,,0
334,334,,0
323,323,,0
322,322,,0
326,326,,0
314,314,,0
312,312,,0
354,354,,0
506,506,,0
305,305,,0
306,306,,0
303,303,,0
431,431,,0
339,339,,0
515,515,,0
520,520,,0
703,703,,0
704,704,,0
711,711,,0
705,705,,0
731,731,,0
728,728,,0
706,706,,0
411,411,,0
315,315,,0
311,311,,0
301,301,,0
729,729,,0
371,371,,0
415,415,,0
413,413,,0
337,337,,0
717,717,,0
723,723,,0
201,201,,0
81,81,,0
45,45,,0
85,85,,0
98,98,,0
99,99,,0
65,65,,0
23,23,,0
67,67,,0
49,49,,0
39,39,,0
38,38,,0
17,17,,0
319,319,,0
318,318,,0
327,327,,0
410,410,,0
239,239,,0
154,154,,0
341,341,,0
352,352,,0
251,251,,0
302,302,,0
234,234,,0
237,237,,0
233,233,,0
242,242,,0
243,243,,0
257,257,,0
210,210,,0
208,208,,0
316,316,,0
408,408,,0
240,240,,0
331,331,,0
406,406,,0
167,167,,0
168,168,,0
170,170,,0
172,172,,0
185,185,,0
186,186,,0
187,187,,0
212,212,,0
215,215,,0
516,516,,0
511,511,,0
457,457,,0
490,490,,0
489,489,,0
487,487,,0
485,485,,0
476,476,,0
477,477,,0
527,527,,0
535,535,,0
484,484,,0
491,491,,0
481,481,,0
217,217,,0
448,448,,0
446,446,,0
447,447,,0
554,554,,0
551,551,,0
458,458,,0
436,436,,0
452,452,,0
539,539,,0
198,198,,0
203,203,,0
407,407,,0
469,469,,0
468,468,,0
801,801,,0
97,97,,0
11,11,,0
68,68,,0
94,94,,0
14,14,,0
84,84,,0
83,83,,0
52,52,,0
807,807,,0
461,461,,0
32,32,,0
171,171,,0
173,173,,0
88,88,,0
86,86,,0
74,74,,0
25,25,,0
267,267,,0
269,269,,0
924,924,,0
925,925,,0
817,817,,0
818,818,,0
808,808,,0
809,809,,0
285,285,,0
287,287,,0
274,274,,0
291,291,,0
293,293,,0
262,262,,0
914,914,,0
250,250,,0
226,226,,0
236,236,,0
270,270,,0
420,420,,0
157,157,,0
820,820,,0
819,819,,0
813,813,,0
810,810,,0
266,266,,0
265,265,,0
286,286,,0
272,272,,0
275,275,,0
295,295,,0
261,261,,0
913,913,,0
910,910,,0
253,253,,0
277,277,,0
928,928,,0
832,832,,0
838,838,,0
839,839,,0
159,159,,0
812,812,,0
811,811,,0
294,294,,0
432,432,,0
816,816,,0
289,289,,0
298,298,,0
912,912,,0
278,278,,0
279,279,,0
245,245,,0
149,149,,0
148,148,,0
91,91,,0
27,27,,0
85A,85,A,1
85B,85,B,2
206,206,,0
193,193,,0
200,200,,0
1A,1,A,1
162,162,,0
701,701,,0
736,736,,0
742,742,,0
276,276,,0
751,751,,0
752,752,,0
733,733,,0
740,740,,0
280,280,,0
772,772,,0
229,229,,0
238,238,,0
255,255,,0
256,256,,0
328,328,,0
348,348,,0
571,571,,0
584,584,,0
454,454,,0
575,575,,0
561,561,,0
512,512,,0
523,523,,0
644,644,,0
621,621,,0
625,625,,0
155,155,,0
470,470,,0
565,565,,0
546,546,,0
612,612,,0
648,648,,0
70,70,,0
122,122,,0
426,426,,0
530,530,,0
519,519,,0
526,526,,0
626,626,,0
709,709,,0
719,719,,0
207,207,,0
175,175,,0
249,249,,0
260,260,,0
183,183,,0
641,641,,0
362,362,,0
409,409,,0
429,429,,0
518,518,,0
449,449,,0
379,379,,0
359,359,,0
347,347,,0
342,342,,0
340,340,,0
846,846,,0
317,317,,0
321,321,,0
325,325,,0
357,357,,0
241,241,,0
225A,225,A,1
462,462,,0
475,475,,0
528,528,,0
480,480,,0
514,514,,0
437,437,,0
451,451,,0
486,486,,0
199,199,,0
64,64,,0
153,153,,0
90,90,,0
224,224,,0
814,814,,0
283,283,,0
297,297,,0
848,848,,0
831,831,,0
281,281,,0
273,273,,0
916,916,,0
902,902,,0
921,921,,0
934,934,,0
268,268,,0
805,805,,0
833,833,,0
804,804,,0
903,903,,0
932,932,,0
151,151,,0
147,147,,0
85C,85,C,3
174,174,,0
195,195,,0
222,222,,0
741,741,,0
756,756,,0
390,390,,0
737,737,,0
726,726,,0
358,358,,0
421,421,,0
445,445,,0
587,587,,0
464,464,,0
557,557,,0
549,549,,0
624,624,,0
631,631,,0
572,572,,0
563,563,,0
552,552,,0
522,522,,0
614,614,,0
715,715,,0
714,714,,0
144,144,,0
335A,335,A,1
661,661,,0
269B,269,B,2
634,634,,0
730,730,,0
338,338,,0
349,349,,0
351,351,,0
353,353,,0
246,246,,0
521,521,,0
488,488,,0
478,478,,0
555,555,,0
556,556,,0
27A,27,A,1
23A,23,A,1
907,907,,0
282,282,,0
292,292,,0
935,935,,0
263,263,,0
933,933,,0
926,926,,0
922,922,,0
191,191,,0
732,732,,0
158,158,,0
727,727,,0
721,721,,0
284,284,,0
759,759,,0
858,858,,0
576,576,,0
578,578,,0
541,541,,0
623,623,,0
332,332,,0
423,423,,0
176,176,,0
181,181,,0
668,668,,0
364,364,,0
374,374,,0
350,350,,0
373,373,,0
381,381,,0
355,355,,0
219A,219,A,1
531,531,,0
483,483,,0
553,553,,0
909,909,,0
930,930,,0
915,915,,0
911,911,,0
931,931,,0
815,815,,0
194,194,,0
2A,2,A,1
754,754,,0
749,749,,0
618,618,,0
92,92,,0
628,628,,0
472,472,,0
39A,39,A,1
23B,23,B,2
806,806,,0
837,837,,0
290,290,,0
296,296,,0
857,857,,0
735,735,,0
746,746,,0
649,649,,0
635,635,,0
636,636,,0
367,367,,0
360,360,,0
376,376,,0
854,854,,0
288,288,,0
747,747,,0
738,738,,0
768,768,,0
757,757,,0
467,467,,0
562,562,,0
617,617,,0
627,627,,0
361,361,,0
368,368,,0
370,370,,0
479,479,,0
168A,168,A,1
852,852,,0
745,745,,0
771,771,,0
766,766,,0
773,773,,0
755,755,,0
758,758,,0
577,577,,0
619,619,,0
720,720,,0
377,377,,0
356,356,,0
842,842,,0
453,453,,0
803,803,,0
937,937,,0
762,762,,0
739,739,,0
774,774,,0
760,760,,0
366,366,,0
269A,269,A,1
375,375,,0
844,844,,0
48A,48,A,1
734,734,,0
778,778,,0
197,197,,0
369,369,,0
322A,322,A,1
929,929,,0
830,830,,0
856,856,,0
764,764,,0
744,744,,0
684,684,,0
908,908,,0
765,765,,0
686,686,,0
683,683,,0
840,840,,0
783,783,,0
784,784,,0
750,750,,0
770,770,,0
495,495,,0
835,835,,0
685,685,,0
682,682,,0
853,853,,0
753,753,,0
781,781,,0
775,775,,0
657,657,,0
776,776,,0
498,498,,0
824,824,,0
847,847,,0
378,378,,0
645,645,,0
221A,221,A,1
681,681,,0
841,841,,0
782,782,,0
388,388,,0
269C,269,C,3
674,674,,0
675,675,,0
845,845,,0
851,851,,0
785,785,,0
372,372,,0
673,673,,0
482,482,,0
836,836,,0
788,788,,0
189,189,,0
829,829,,0
843,843,,0
800,800,,0
629,629,,0
630,630,,0
676,676,,0
201D,201,D,4
761,761,,0
655,655,,0
794,794,,0
790,790,,0
689,689,,0
492,492,,0
748,748,,0
795,795,,0
796,796,,0
799,799,,0
196,196,,0
696,696,,0
849,849,,0
798,798,,0
791,791,,0
494,494,,0
897,897,,0
855,855,,0
802,802,,0
779,779,,0
190,190,,0
688,688,,0
658,658,,0
660,660,,0
687,687,,0
697,697,,0
827,827,,0
777,777,,0
743,743,,0
651,651,,0
647,647,,0
695,695,,0
698,698,,0
693,693,,0
694,694,,0
665,665,,0
828,828,,0
906,906,,0
653,653,,0
867,867,,0
667,667,,0
680,680,,0
763,763,,0
780,780,,0
671,671,,0
690,690,,0
883,883,,0
792,792,,0
192,192,,0
669,669,,0
977,977,,0
201E,201,E,5
944,944,,0
691,691,,0
917,917,,0
825,825,,0
895,895,,0
672,672,,0
650,650,,0
884,884,,0
821,821,,0
881,881,,0
885,885,,0
882,882,,0
393,393,,0
394,394,,0
666A,666,A,1
656,656,,0
399,399,,0
386,386,,0
391,391,,0
666,666,,0
652,652,,0
215A,215,A,1
862,862,,0
862A,862,A,1
864A,864,A,1
858A,858,A,1
863,863,,0
860,860,,0
659,659,,0
868,868,,0
857B,857,B,2
859,859,,0
859A,859,A,1
860A,860,A,1
858B,858,B,2
861,861,,0
397,397,,0
786,786,,0
787,787,,0
826,826,,0
877,877,,0
834,834,,0
876,876,,0
864,864,,0
678,678,,0
898,898,,0
878,878,,0
857A,857,A,1
489A,489,A,1
767,767,,0
872,872,,0
880,880,,0
874,874,,0
380,380,,0
677,677,,0
860B,860,B,2
870,870,,0
871,871,,0
865,865,,0
866,866,,0
879,879,,0
797,797,,0
875,875,,0
389,389,,0
850,850,,0
920,920,,0
387,387,,0
392,392,,0
904,904,,0
949,949,,0
867A,867,A,1
395,395,,0
396,396,,0
822,822,,0
863B,863,B,2
487A,487,A,1
886,886,,0
873,873,,0
670,670,,0
899,899,,0
898A,898,A,1
355A,355,A,1
692,692,,0
978,978,,0
897A,897,A,1
887,887,,0
863A,863,A,1
133A,133,A,1
939,939,,0
905,905,,0
927,927,,0
861A,861,A,1
894,894,,0
350A,350,A,1
679,679,,0
936,936,,0
919,919,,0
894A,894,A,1
899A,899,A,1
896,896,,0
886A,886,A,1
188,188,,0
923,923,,0
201A,201,A,1
888,888,,0
494C,494,C,3
895A,895,A,1
896A,896,A,1
938,938,,0
654,654,,0
943,943,,0
940,940,,0
942,942,,0
398,398,,0
769,769,,0
966,966,,0
945,945,,0
889,889,,0
941,941,,0
795A,795,A,1
947,947,,0
889A,889,A,1
871A,871,A,1
887A,887,A,1
946,946,,0
874A,874,A,1
918,918,,0
888A,888,A,1
869,869,,0
976,976,,0
979,979,,0
567,567,,0
485B,485,B,2
10F,10,F,6
150A,150,A,1
948,948,,0
230C,230,C,3
230J,230,J,9
43A,43,A,1
953,953,,0
488A,488,A,1
491B,491,B,2
492C,492,C,3
486B,486,B,2
495E,495,E,5
789,789,,0
980,980,,0
823,823,,0
974,974,,0
489C,489,C,3
496B,496,B,2
217A,217,A,1
965,965,,0
975,975,,0
880A,880,A,1
488B,488,B,2
495F,495,F,6
952,952,,0
506B,506,B,2
496E,496,E,5
491F,491,F,6
94B,94,B,2
961,961,,0
830A,830,A,1
487B,487,B,2
491H,491,H,8
500,500,,0
487C,487,C,3
494B,494,B,2
495A,495,A,1
950,950,,0
495C,495,C,3
796A,796,A,1
640A,640,A,1
42A,42,A,1
382,382,,0
664A,664,A,1
842E,842,E,5
94D,94,D,4
856B,856,B,2
568,568,,0
485A,485,A,1
385,385,,0
856E,856,E,5
506A,506,A,1
230E,230,E,5
663A,663,A,1
793,793,,0
491C,491,C,3
645A,645,A,1
486C,486,C,3
497D,497,D,4
893D,893,D,4
636A,636,A,1
94C,94,C,3
497F,497,F,6
497J,497,J,9
633A,633,A,1
223A,223,A,1
637A,637,A,1
566,566,,0
842D,842,D,4
535A,535,A,1
496C,496,C,3
496D,496,D,4
10E,10,E,5
491A,491,A,1
496F,496,F,6
99C,99,C,3
569,569,,0
496G,496,G,7
491D,491,D,4
493B,493,B,2
99B,99,B,2
101B,101,B,2
493D,493,D,4
493A,493,A,1
493C,493,C,3
495B,495,B,2
99A,99,A,1
94E,94,E,5
493E,493,E,5
491E,491,E,5
491G,491,G,7
492B,492,B,2
492D,492,D,4
101A,101,A,1
490A,490,A,1
384,384,,0
230D,230,D,4
230F,230,F,6
230G,230,G,7
495D,495,D,4
230B,230,B,2
489B,489,B,2
383,383,,0
230H,230,H,8
490B,490,B,2
486A,486,A,1
842B,842,B,2
842C,842,C,3
856C,856,C,3
828A,828,A,1
580,580,,0
842F,842,F,6
842H,842,H,8
856D,856,D,4
172A,172,A,1
579,579,,0
856F,856,F,6
700,700,,0
842G,842,G,7
581,581,,0
583,583,,0
253A,253,A,1
10B,10,B,2
10C,10,C,3
10D,10,D,4
582,582,,0
574,574,,0
104A,104,A,1
497B,497,B,2
497A,497,A,1
7A,7,A,1
497C,497,C,3
497G,497,G,7
497H,497,H,8
80A,80,A,1
104B,104,B,2
450E,450,E,5
450C,450,C,3
82A,82,A,1
80B,80,B,2
450F,450,F,6
82B,82,B,2
124A,124,A,1
450D,450,D,4
894D,894,D,4
891A,891,A,1
450A,450,A,1
498E,498,E,5
498H,498,H,8
498J,498,J,9
498D,498,D,4
84B,84,B,2
81A,81,A,1
81B,81,B,2
894C,894,C,3
891B,891,B,2
124B,124,B,2
4C,4,C,3
450G,450,G,7
498B,498,B,2
498F,498,F,6
894B,894,B,2
892A,892,A,1
892B,892,B,2
498A,498,A,1
498G,498,G,7
498L,498,L,10
84A,84,A,1
4B,4,B,2
498M,498,M,11
893B,893,B,2
893C,893,C,3
893A,893,A,1
29A,29,A,1
367A,367,A,1
892,892,,0
896C,896,C,3
896B,896,B,2
895C,895,C,3
897B,897,B,2
897C,897,C,3
299,299,,0
899B,899,B,2
891,891,,0
895B,895,B,2
898B,898,B,2
899C,899,C,3
30A,30,A,1
92A,92,A,1
893,893,,0
290F,290,F,6
290B,290,B,2
290G,290,G,7
291A,291,A,1
290C,290,C,3
787B,787,B,2
786B,786,B,2
787E,787,E,5
786C,786,C,3
290D,290,D,4
291D,291,D,4
291B,291,B,2
290E,290,E,5
787D,787,D,4
786F,786,F,6
291E,291,E,5
290A,290,A,1
288D,288,D,4
288B,288,B,2
787C,787,C,3
786D,786,D,4
786E,786,E,5
613A,613,A,1
291C,291,C,3
289A,289,A,1
613B,613,B,2
289B,289,B,2
288A,288,A,1
484A,484,A,1
288G,288,G,7
287D,287,D,4
14B,14,B,2
288C,288,C,3
286A,286,A,1
285B,285,B,2
287C,287,C,3
286D,286,D,4
287A,287,A,1
286B,286,B,2
287B,287,B,2
286C,286,C,3
289D,289,D,4
285A,285,A,1
285D,285,D,4
59A,59,A,1
59B,59,B,2
3A,3,A,1
14A,14,A,1
289F,289,F,6
285C,285,C,3
59C,59,C,3
628B,628,B,2
289C,289,C,3
232A,232,A,1
628A,628,A,1
300,300,,0
684C,684,C,3
288E,288,E,5
962,962,,0
236A,236,A,1
625B,625,B,2
788E,788,E,5
484C,484,C,3
517C,517,C,3
502A,502,A,1
289E,289,E,5
289G,289,G,7
484B,484,B,2
484D,484,D,4
676A,676,A,1
671A,671,A,1
699B,699,B,2
224D,224,D,4
206A,206,A,1
234A,234,A,1
682A,682,A,1
624A,624,A,1
625A,625,A,1
788B,788,B,2
956,956,,0
124C,124,C,3
624B,624,B,2
788C,788,C,3
288F,288,F,6
485D,485,D,4
296A,296,A,1
296E,296,E,5
673A,673,A,1
485C,485,C,3
670A,670,A,1
951,951,,0
957,957,,0
206C,206,C,3
224A,224,A,1
123D,123,D,4
205A,205,A,1
153A,153,A,1
296B,296,B,2
698A,698,A,1
958,958,,0
123E,123,E,5
788D,788,D,4
699C,699,C,3
955,955,,0
699,699,,0
699A,699,A,1
206B,206,B,2
226A,226,A,1
223C,223,C,3
225B,225,B,2
296D,296,D,4
297D,297,D,4
672A,672,A,1
297C,297,C,3
954,954,,0
964,964,,0
959,959,,0
223D,223,D,4
223B,223,B,2
224B,224,B,2
226B,226,B,2
297B,297,B,2
963,963,,0
969,969,,0
698B,698,B,2
339A,339,A,1
227A,227,A,1
205C,205,C,3
123A,123,A,1
123C,123,C,3
206D,206,D,4
228A,228,A,1
968,968,,0
698D,698,D,4
228B,228,B,2
123B,123,B,2
224C,224,C,3
517E,517,E,5
667D,667,D,4
228C,228,C,3
297A,297,A,1
517A,517,A,1
517D,517,D,4
205B,205,B,2
682D,682,D,4
103B,103,B,2
970,970,,0
960,960,,0
698C,698,C,3
664C,664,C,3
192C,192,C,3
226C,226,C,3
683A,683,A,1
682C,682,C,3
682B,682,B,2
103A,103,A,1
106B,106,B,2
973,973,,0
972,972,,0
664B,664,B,2
664D,664,D,4
339B,339,B,2
227C,227,C,3
259B,259,B,2
116A,116,A,1
681A,681,A,1
681B,681,B,2
683D,683,D,4
683C,683,C,3
115A,115,A,1
106A,106,A,1
296C,296,C,3
660C,660,C,3
663D,663,D,4
667C,667,C,3
668B,668,B,2
668D,668,D,4
684A,684,A,1
650C,650,C,3
357A,357,A,1
188C,188,C,3
188D,188,D,4
116C,116,C,3
681D,681,D,4
683B,683,B,2
684D,684,D,4
672B,672,B,2
971,971,,0
967,967,,0
650A,650,A,1
667B,667,B,2
668A,668,A,1
668C,668,C,3
680C,680,C,3
681C,681,C,3
684B,684,B,2
685A,685,A,1
685B,685,B,2
663C,663,C,3
191B,191,B,2
116B,116,B,2
259C,259,C,3
250C,250,C,3
663B,663,B,2
667A,667,A,1
679C,679,C,3
685C,685,C,3
188A,188,A,1
117A,117,A,1
117B,117,B,2
186C,186,C,3
227D,227,D,4
188B,188,B,2
192B,192,B,2
63A,63,A,1
650B,650,B,2
648C,648,C,3
686C,686,C,3
360B,360,B,2
353A,353,A,1
292B,292,B,2
190B,190,B,2
227B,227,B,2
192A,192,A,1
117C,117,C,3
250A,250,A,1
648A,648,A,1
686A,686,A,1
648B,648,B,2
679B,679,B,2
665A,665,A,1
360C,360,C,3
121A,121,A,1
122E,122,E,5
260A,260,A,1
186D,186,D,4
119A,119,A,1
250B,250,B,2
250D,250,D,4
189C,189,C,3
596A,596,A,1
649A,649,A,1
686B,686,B,2
356C,356,C,3
185A,185,A,1
191A,191,A,1
186B,186,B,2
261B,261,B,2
185B,185,B,2
185C,185,C,3
261C,261,C,3
187B,187,B,2
261A,261,A,1
63B,63,B,2
674A,674,A,1
356B,356,B,2
257A,257,A,1
203A,203,A,1
187A,187,A,1
121B,121,B,2
302A,302,A,1
120C,120,C,3
225C,225,C,3
660D,660,D,4
680B,680,B,2
669A,669,A,1
340B,340,B,2
190A,190,A,1
121C,121,C,3
257B,257,B,2
119B,119,B,2
120A,120,A,1
120B,120,B,2
203D,203,D,4
588,588,,0
649B,649,B,2
356A,356,A,1
340A,340,A,1
504C,504,C,3
295C,295,C,3
203C,203,C,3
186A,186,A,1
121D,121,D,4
185D,185,D,4
119D,119,D,4
204C,204,C,3
648D,648,D,4
669D,669,D,4
350B,350,B,2
357B,357,B,2
588C,588,C,3
204B,204,B,2
303B,303,B,2
119C,119,C,3
2C,2,C,3
503B,503,B,2
352C,352,C,3
357C,357,C,3
360A,360,A,1
501A,501,A,1
204A,204,A,1
298A,298,A,1
257C,257,C,3
258D,258,D,4
262D,262,D,4
596C,596,C,3
662B,662,B,2
662D,662,D,4
503C,503,C,3
359A,359,A,1
341B,341,B,2
353B,353,B,2
303A,303,A,1
201C,201,C,3
258A,258,A,1
259A,259,A,1
200D,200,D,4
298B,298,B,2
260C,260,C,3
261D,261,D,4
298D,298,D,4
700C,700,C,3
504B,504,B,2
467B,467,B,2
351C,351,C,3
501B,501,B,2
468D,468,D,4
468A,468,A,1
203E,203,E,5
262A,262,A,1
298C,298,C,3
115B,115,B,2
8B,8,B,2
8A,8,A,1
659A,659,A,1
273D,273,D,4
669C,669,C,3
680A,680,A,1
504D,504,D,4
501C,501,C,3
467A,467,A,1
469B,469,B,2
359C,359,C,3
341A,341,A,1
359B,359,B,2
122D,122,D,4
303C,303,C,3
258B,258,B,2
203B,203,B,2
200A,200,A,1
200B,200,B,2
260B,260,B,2
311C,311,C,3
73A,73,A,1
660A,660,A,1
661A,661,A,1
661B,661,B,2
661C,661,C,3
662A,662,A,1
659C,659,C,3
669B,669,B,2
176D,176,D,4
352A,352,A,1
469A,469,A,1
353C,353,C,3
354B,354,B,2
351B,351,B,2
501D,501,D,4
301A,301,A,1
201B,201,B,2
299B,299,B,2
660B,660,B,2
661D,661,D,4
659D,659,D,4
273A,273,A,1
679A,679,A,1
196B,196,B,2
174A,174,A,1
350C,350,C,3
351A,351,A,1
354C,354,C,3
307A,307,A,1
122A,122,A,1
118A,118,A,1
74A,74,A,1
689A,689,A,1
657B,657,B,2
659B,659,B,2
652C,652,C,3
665B,665,B,2
126A,126,A,1
307C,307,C,3
311A,311,A,1
305D,305,D,4
260D,260,D,4
115C,115,C,3
596D,596,D,4
651A,651,A,1
126C,126,C,3
468C,468,C,3
305A,305,A,1
305C,305,C,3
306C,306,C,3
299A,299,A,1
301B,301,B,2
299C,299,C,3
122C,122,C,3
131B,131,B,2
131C,131,C,3
651B,651,B,2
662C,662,C,3
666B,666,B,2
507D,507,D,4
305B,305,B,2
307D,307,D,4
308A,308,A,1
308B,308,B,2
404B,404,B,2
321C,321,C,3
308C,308,C,3
183B,183,B,2
268A,268,A,1
274D,274,D,4
657A,657,A,1
196D,196,D,4
354A,354,A,1
507C,507,C,3
468B,468,B,2
304B,304,B,2
183D,183,D,4
301D,301,D,4
319B,319,B,2
322C,322,C,3
189A,189,A,1
189B,189,B,2
700A,700,A,1
273B,273,B,2
273C,273,C,3
275B,275,B,2
276A,276,A,1
275D,275,D,4
109C,109,C,3
507A,507,A,1
507B,507,B,2
352B,352,B,2
351D,351,D,4
301C,301,C,3
292A,292,A,1
258C,258,C,3
323C,323,C,3
5A,5,A,1
688A,688,A,1
687D,687,D,4
268B,268,B,2
268C,268,C,3
275A,275,A,1
174D,174,D,4
128B,128,B,2
354D,354,D,4
322B,322,B,2
304A,304,A,1
306A,306,A,1
295A,295,A,1
202C,202,C,3
320A,320,A,1
325A,325,A,1
317C,317,C,3
589,589,,0
700B,700,B,2
671B,671,B,2
688C,688,C,3
689B,689,B,2
276C,276,C,3
658D,658,D,4
105A,105,A,1
321B,321,B,2
295B,295,B,2
309A,309,A,1
309C,309,C,3
158A,158,A,1
202B,202,B,2
315A,315,A,1
688B,688,B,2
176B,176,B,2
102C,102,C,3
162B,162,B,2
589C,589,C,3
588A,588,A,1
320B,320,B,2
122B,122,B,2
111B,111,B,2
687B,687,B,2
692B,692,B,2
658B,658,B,2
656A,656,A,1
106D,106,D,4
589D,589,D,4
309B,309,B,2
312B,312,B,2
596B,596,B,2
112B,112,B,2
979B,979,B,2
980B,980,B,2
673C,673,C,3
652B,652,B,2
126D,126,D,4
172B,172,B,2
323A,323,A,1
324A,324,A,1
311D,311,D,4
309D,309,D,4
319C,319,C,3
320D,320,D,4
321A,321,A,1
183A,183,A,1
323B,323,B,2
315C,315,C,3
112A,112,A,1
687C,687,C,3
690C,690,C,3
276B,276,B,2
674B,674,B,2
652A,652,A,1
653C,653,C,3
658C,658,C,3
126B,126,B,2
199C,199,C,3
175A,175,A,1
311B,311,B,2
314C,314,C,3
314B,314,B,2
689F,689,F,6
109B,109,B,2
673B,673,B,2
658A,658,A,1
175C,175,C,3
109A,109,A,1
128A,128,A,1
128C,128,C,3
324B,324,B,2
325C,325,C,3
313B,313,B,2
318A,318,A,1
318C,318,C,3
157A,157,A,1
157D,157,D,4
689E,689,E,5
686D,686,D,4
687A,687,A,1
980C,980,C,3
276D,276,D,4
275C,275,C,3
656C,656,C,3
102B,102,B,2
196C,196,C,3
589A,589,A,1
589B,589,B,2
184C,184,C,3
317A,317,A,1
317B,317,B,2
690A,690,A,1
655A,655,A,1
171C,171,C,3
196A,196,A,1
199D,199,D,4
173C,173,C,3
166A,166,A,1
171B,171,B,2
105D,105,D,4
101C,101,C,3
197A,197,A,1
199A,199,A,1
199B,199,B,2
110D,110,D,4
173D,173,D,4
128D,128,D,4
509B,509,B,2
183C,183,C,3
317D,317,D,4
325B,325,B,2
314A,314,A,1
316A,316,A,1
313A,313,A,1
310A,310,A,1
158D,158,D,4
302D,302,D,4
262B,262,B,2
689C,689,C,3
315B,315,B,2
655B,655,B,2
107B,107,B,2
102D,102,D,4
105B,105,B,2
175D,175,D,4
324D,324,D,4
318D,318,D,4
310B,310,B,2
403A,403,A,1
158C,158,C,3
118B,118,B,2
118C,118,C,3
690D,690,D,4
980A,980,A,1
108C,108,C,3
171A,171,A,1
101D,101,D,4
110B,110,B,2
107C,107,C,3
107D,107,D,4
110C,110,C,3
641C,641,C,3
319A,319,A,1
184A,184,A,1
159A,159,A,1
163B,163,B,2
642A,642,A,1
105C,105,C,3
176C,176,C,3
106C,106,C,3
163A,163,A,1
184B,184,B,2
313C,313,C,3
157B,157,B,2
979A,979,A,1
980D,980,D,4
656B,656,B,2
653A,653,A,1
102A,102,A,1
175B,175,B,2
174B,174,B,2
320C,320,C,3
764A,764,A,1
118D,118,D,4
692A,692,A,1
691B,691,B,2
981C,981,C,3
656D,656,D,4
638B,638,B,2
638C,638,C,3
642B,642,B,2
690B,690,B,2
978D,978,D,4
978C,978,C,3
174C,174,C,3
109D,109,D,4
197B,197,B,2
77A,77,A,1
111A,111,A,1
981A,981,A,1
653B,653,B,2
271C,271,C,3
108B,108,B,2
161B,161,B,2
172C,172,C,3
637B,637,B,2
493,493,,0
314D,314,D,4
318B,318,B,2
689D,689,D,4
691A,691,A,1
271A,271,A,1
271D,271,D,4
642D,642,D,4
173A,173,A,1
173B,173,B,2
641A,641,A,1
509A,509,A,1
403C,403,C,3
407B,407,B,2
157C,157,C,3
690F,690,F,6
981B,981,B,2
107A,107,A,1
316B,316,B,2
690E,690,E,5
17A,17,A,1
984A,984,A,1
271B,271,B,2
272B,272,B,2
161A,161,A,1
176A,176,A,1
110A,110,A,1
412A,412,A,1
688E,688,E,5
272C,272,C,3
272D,272,D,4
313D,313,D,4
158B,158,B,2
979C,979,C,3
272A,272,A,1
638A,638,A,1
504A,504,A,1
588B,588,B,2
413B,413,B,2
688F,688,F,6
4A,4,A,1
642C,642,C,3
103C,103,C,3
160B,160,B,2
637D,637,D,4
312A,312,A,1
406B,406,B,2
654A,654,A,1
654B,654,B,2
162A,162,A,1
641B,641,B,2
207B,207,B,2
316C,316,C,3
405C,405,C,3
406C,406,C,3
403B,403,B,2
408B,408,B,2
985B,985,B,2
984D,984,D,4
508C,508,C,3
207D,207,D,4
407A,407,A,1
688D,688,D,4
984C,984,C,3
985A,985,A,1
984B,984,B,2
637C,637,C,3
207A,207,A,1
981D,981,D,4
466A,466,A,1
510B,510,B,2
412B,412,B,2
413A,413,A,1
202A,202,A,1
654C,654,C,3
160A,160,A,1
510A,510,A,1
404A,404,A,1
406A,406,A,1
466B,466,B,2
503A,503,A,1
671C,671,C,3
268D,268,D,4
405B,405,B,2
204D,204,D,4
324C,324,C,3
166B,166,B,2
262C,262,C,3
207C,207,C,3
306B,306,B,2
403D,403,D,4
409A,409,A,1
165A,165,A,1
508B,508,B,2
274A,274,A,1
466C,466,C,3
165B,165,B,2
508A,508,A,1
466D,466,D,4
408A,408,A,1
405A,405,A,1
409B,409,B,2
265B,265,B,2
267A,267,A,1
6A,6,A,1
3C,3,C,3
3D,3,D,4
75A,75,A,1
265C,265,C,3
269D,269,D,4
408C,408,C,3
2D,2,D,4
274C,274,C,3
266A,266,A,1
265D,265,D,4
302C,302,C,3
307B,307,B,2
267B,267,B,2
6B,6,B,2
76A,76,A,1
636B,636,B,2
264F,264,F,6
2B,2,B,2
3B,3,B,2
265A,265,A,1
26A,26,A,1
677B,677,B,2
986C,986,C,3
675A,675,A,1
195D,195,D,4
265E,265,E,5
264C,264,C,3
25B,25,B,2
989D,989,D,4
987D,987,D,4
195C,195,C,3
75B,75,B,2
987C,987,C,3
337C,337,C,3
678C,678,C,3
988A,988,A,1
274B,274,B,2
266B,266,B,2
264E,264,E,5
986A,986,A,1
195B,195,B,2
266C,266,C,3
195A,195,A,1
220A,220,A,1
990A,990,A,1
264B,264,B,2
79B,79,B,2
195E,195,E,5
264A,264,A,1
264D,264,D,4
632B,632,B,2
633B,633,B,2
27B,27,B,2
221B,221,B,2
25A,25,A,1
26D,26,D,4
989A,989,A,1
987B,987,B,2
79C,79,C,3
79E,79,E,5
26B,26,B,2
436B,436,B,2
990C,990,C,3
986B,986,B,2
635B,635,B,2
167D,167,D,4
220C,220,C,3
26C,26,C,3
987A,987,A,1
632A,632,A,1
989B,989,B,2
632C,632,C,3
79A,79,A,1
677A,677,A,1
75C,75,C,3
79D,79,D,4
678D,678,D,4
676B,676,B,2
635C,635,C,3
167C,167,C,3
436D,436,D,4
675B,675,B,2
167B,167,B,2
302B,302,B,2
436C,436,C,3
436A,436,A,1
167A,167,A,1
988B,988,B,2
988C,988,C,3
168B,168,B,2
989C,989,C,3
277C,277,C,3
677C,677,C,3
219B,219,B,2
678B,678,B,2
28D,28,D,4
277B,277,B,2
277A,277,A,1
221C,221,C,3
219C,219,C,3
678A,678,A,1
270A,270,A,1
277D,277,D,4
337A,337,A,1
990B,990,B,2
635A,635,A,1
28B,28,B,2
28C,28,C,3
337D,337,D,4
219D,219,D,4
220B,220,B,2
338A,338,A,1
28A,28,A,1
18A,18,A,1
18D,18,D,4
441B,441,B,2
515A,515,A,1
515B,515,B,2
518C,518,C,3
515C,515,C,3
515D,515,D,4
18C,18,C,3
518B,518,B,2
518A,518,A,1
18B,18,B,2
518D,518,D,4
438A,438,A,1
61C,61,C,3
62A,62,A,1
439A,439,A,1
438B,438,B,2
61A,61,A,1
62B,62,B,2
439B,439,B,2
38B,38,B,2
303D,303,D,4
208B,208,B,2
1F,1,F,6
337B,337,B,2
38A,38,A,1
439C,439,C,3
208A,208,A,1
1C,1,C,3
1B,1,B,2
1E,1,E,5
38D,38,D,4
61B,61,B,2
209A,209,A,1
1G,1,G,7
1D,1,D,4
441A,441,A,1
338B,338,B,2
339D,339,D,4
209C,209,C,3
441C,441,C,3
441D,441,D,4
310C,310,C,3
339C,339,C,3
601C,601,C,3
209B,209,B,2
127D,127,D,4
602A,602,A,1
38C,38,C,3
601D,601,D,4
604B,604,B,2
601A,601,A,1
603A,603,A,1
443A,443,A,1
127A,127,A,1
602C,602,C,3
602B,602,B,2
306D,306,D,4
603B,603,B,2
603C,603,C,3
410A,410,A,1
211D,211,D,4
210B,210,B,2
210A,210,A,1
410C,410,C,3
601B,601,B,2
604C,604,C,3
614B,614,B,2
613D,613,D,4
443C,443,C,3
443B,443,B,2
210C,210,C,3
211A,211,A,1
127C,127,C,3
604A,604,A,1
612A,612,A,1
411A,411,A,1
411B,411,B,2
410B,410,B,2
168C,168,C,3
168D,168,D,4
612D,612,D,4
613C,613,C,3
615C,615,C,3
614A,614,A,1
213B,213,B,2
212C,212,C,3
213A,213,A,1
445B,445,B,2
445A,445,A,1
615B,615,B,2
211B,211,B,2
612C,612,C,3
211C,211,C,3
212B,212,B,2
212A,212,A,1
615A,615,A,1
612B,612,B,2
226E,226,E,5
588D,588,D,4
267C,267,C,3
270B,270,B,2
270C,270,C,3
80C,80,C,3
476C,476,C,3
617C,617,C,3
618B,618,B,2
435A,435,A,1
434A,434,A,1
617B,617,B,2
446C,446,C,3
476B,476,B,2
617D,617,D,4
434B,434,B,2
435B,435,B,2
619C,619,C,3
619A,619,A,1
618C,618,C,3
447A,447,A,1
435C,435,C,3
572B,572,B,2
12B,12,B,2
476A,476,A,1
476D,476,D,4
618D,618,D,4
618A,618,A,1
619B,619,B,2
12A,12,A,1
12C,12,C,3
138B,138,B,2
623C,623,C,3
623A,623,A,1
619D,619,D,4
624C,624,C,3
446B,446,B,2
139A,139,A,1
138A,138,A,1
570C,570,C,3
633C,633,C,3
623B,623,B,2
447B,447,B,2
138C,138,C,3
139B,139,B,2
169B,169,B,2
570A,570,A,1
570B,570,B,2
633D,633,D,4
622A,622,A,1
617A,617,A,1
571A,571,A,1
169C,169,C,3
571C,571,C,3
571B,571,B,2
181A,181,A,1
622B,622,B,2
170C,170,C,3
208C,208,C,3
170B,170,B,2
169A,169,A,1
572A,572,A,1
180A,180,A,1
622C,622,C,3
499B,499,B,2
180B,180,B,2
180C,180,C,3
170A,170,A,1
450B,450,B,2
178D,178,D,4
448A,448,A,1
430D,430,D,4
499A,499,A,1
887C,887,C,3
181B,181,B,2
180D,180,D,4
430C,430,C,3
433B,433,B,2
432B,432,B,2
178A,178,A,1
886D,886,D,4
448B,448,B,2
887B,887,B,2
886C,886,C,3
9B,9,B,2
430A,430,A,1
430B,430,B,2
886B,886,B,2
9A,9,A,1
213C,213,C,3
178B,178,B,2
433A,433,A,1
432A,432,A,1
10A,10,A,1
463B,463,B,2
178C,178,C,3
426A,426,A,1
347A,347,A,1
463C,463,C,3
451A,451,A,1
348D,348,D,4
426C,426,C,3
336B,336,B,2
426D,426,D,4
336C,336,C,3
463A,463,A,1
426B,426,B,2
428B,428,B,2
452B,452,B,2
452A,452,A,1
782A,782,A,1
348A,348,A,1
347B,347,B,2
348C,348,C,3
590A,590,A,1
451B,451,B,2
326A,326,A,1
780B,780,B,2
782D,782,D,4
782B,782,B,2
348B,348,B,2
546B,546,B,2
266D,266,D,4
591A,591,A,1
592B,592,B,2
593A,593,A,1
592C,592,C,3
780E,780,E,5
424D,424,D,4
335C,335,C,3
336A,336,A,1
546A,546,A,1
471A,471,A,1
197C,197,C,3
592A,592,A,1
590B,590,B,2
326B,326,B,2
327A,327,A,1
327C,327,C,3
282B,282,B,2
281B,281,B,2
282A,282,A,1
522A,522,A,1
522C,522,C,3
782C,782,C,3
780A,780,A,1
780C,780,C,3
780D,780,D,4
424A,424,A,1
333B,333,B,2
333A,333,A,1
334B,334,B,2
547D,547,D,4
547A,547,A,1
546C,546,C,3
470A,470,A,1
470C,470,C,3
471B,471,B,2
593B,593,B,2
590C,590,C,3
281A,281,A,1
332C,332,C,3
327B,327,B,2
332A,332,A,1
332B,332,B,2
333D,333,D,4
280A,280,A,1
869A,869,A,1
869B,869,B,2
780F,780,F,6
424C,424,C,3
428A,428,A,1
431C,431,C,3
431B,431,B,2
547B,547,B,2
470B,470,B,2
197D,197,D,4
312C,312,C,3
453B,453,B,2
334A,334,A,1
326C,326,C,3
333C,333,C,3
280B,280,B,2
282C,282,C,3
868A,868,A,1
522B,522,B,2
782E,782,E,5
424B,424,B,2
429B,429,B,2
431D,431,D,4
334C,334,C,3
432D,432,D,4
432C,432,C,3
527A,527,A,1
453A,453,A,1
331C,331,C,3
279C,279,C,3
326D,326,D,4
868C,868,C,3
523B,523,B,2
523C,523,C,3
342B,342,B,2
334D,334,D,4
526A,526,A,1
525C,525,C,3
524A,524,A,1
453D,453,D,4
279A,279,A,1
440A,440,A,1
329A,329,A,1
453C,453,C,3
279B,279,B,2
519C,519,C,3
431A,431,A,1
547C,547,C,3
527B,527,B,2
440C,440,C,3
329B,329,B,2
440B,440,B,2
331B,331,B,2
524B,524,B,2
520A,520,A,1
519B,519,B,2
523A,523,A,1
519D,519,D,4
342C,342,C,3
550B,550,B,2
528B,528,B,2
525A,525,A,1
526D,526,D,4
526B,526,B,2
520C,520,C,3
523D,523,D,4
548B,548,B,2
549B,549,B,2
634A,634,A,1
549A,549,A,1
528A,528,A,1
525B,525,B,2
526C,526,C,3
330B,330,B,2
331A,331,A,1
336D,336,D,4
890C,890,C,3
890A,890,A,1
519A,519,A,1
429A,429,A,1
505C,505,C,3
747A,747,A,1
748A,748,A,1
748C,748,C,3
747B,747,B,2
550A,550,A,1
475C,475,C,3
475B,475,B,2
138D,138,D,4
527C,527,C,3
528C,528,C,3
672D,672,D,4
330A,330,A,1
890B,890,B,2
342A,342,A,1
505B,505,B,2
505D,505,D,4
634B,634,B,2
477A,477,A,1
475D,475,D,4
524C,524,C,3
416B,416,B,2
414A,414,A,1
494E,494,E,5
505A,505,A,1
748B,748,B,2
747C,747,C,3
475A,475,A,1
477B,477,B,2
527D,527,D,4
672C,672,C,3
414B,414,B,2
416C,416,C,3
415B,415,B,2
548A,548,A,1
636C,636,C,3
477C,477,C,3
415A,415,A,1
416A,416,A,1
415C,415,C,3
472C,472,C,3
494D,494,D,4
807B,807,B,2
665C,665,C,3
489D,489,D,4
490D,490,D,4
471C,471,C,3
472A,472,A,1
807A,807,A,1
488C,488,C,3
469C,469,C,3
442D,442,D,4
490C,490,C,3
376A,376,A,1
376B,376,B,2
530C,530,C,3
670C,670,C,3
807C,807,C,3
808A,808,A,1
443D,443,D,4
488D,488,D,4
17B,17,B,2
670B,670,B,2
472B,472,B,2
293D,293,D,4
871C,871,C,3
808C,808,C,3
96A,96,A,1
442B,442,B,2
442C,442,C,3
256C,256,C,3
256D,256,D,4
868B,868,B,2
376C,376,C,3
530B,530,B,2
530A,530,A,1
473A,473,A,1
294A,294,A,1
164A,164,A,1
808B,808,B,2
95C,95,C,3
815A,815,A,1
256B,256,B,2
256A,256,A,1
164B,164,B,2
293A,293,A,1
164C,164,C,3
870A,870,A,1
871B,871,B,2
809B,809,B,2
803A,803,A,1
805A,805,A,1
808D,808,D,4
809A,809,A,1
530D,530,D,4
676C,676,C,3
293C,293,C,3
216A,216,A,1
520B,520,B,2
889C,889,C,3
697A,697,A,1
676D,676,D,4
316D,316,D,4
163C,163,C,3
293B,293,B,2
215B,215,B,2
889B,889,B,2
96B,96,B,2
70A,70,A,1
803B,803,B,2
804A,804,A,1
815C,815,C,3
697B,697,B,2
677D,677,D,4
216B,216,B,2
889D,889,D,4
95B,95,B,2
70B,70,B,2
804B,804,B,2
815B,815,B,2
473B,473,B,2
8C,8,C,3
162C,162,C,3
95A,95,A,1
811A,811,A,1
803C,803,C,3
816A,816,A,1
805B,805,B,2
816B,816,B,2
473C,473,C,3
217C,217,C,3
217B,217,B,2
878B,878,B,2
717B,717,B,2
511A,511,A,1
70C,70,C,3
803D,803,D,4
810A,810,A,1
473D,473,D,4
217D,217,D,4
506C,506,C,3
511B,511,B,2
817A,817,A,1
805C,805,C,3
817B,817,B,2
278B,278,B,2
717A,717,A,1
194B,194,B,2
194A,194,A,1
810B,810,B,2
812C,812,C,3
805D,805,D,4
802A,802,A,1
801A,801,A,1
216C,216,C,3
278A,278,A,1
879B,879,B,2
878A,878,A,1
512A,512,A,1
801C,801,C,3
801B,801,B,2
818B,818,B,2
812B,812,B,2
932B,932,B,2
216D,216,D,4
511C,511,C,3
818A,818,A,1
812A,812,A,1
818C,818,C,3
811B,811,B,2
801D,801,D,4
817C,817,C,3
932A,932,A,1
364B,364,B,2
697C,697,C,3
879A,879,A,1
512B,512,B,2
802B,802,B,2
365A,365,A,1
364A,364,A,1
365B,365,B,2
113C,113,C,3
933A,933,A,1
113D,113,D,4
512C,512,C,3
802C,802,C,3
365C,365,C,3
113B,113,B,2
113A,113,A,1
278C,278,C,3
365D,365,D,4
218C,218,C,3
509C,509,C,3
502B,502,B,2
455C,455,C,3
455A,455,A,1
455B,455,B,2
226F,226,F,6
449B,449,B,2
446A,446,A,1
448C,448,C,3
440D,440,D,4
292C,292,C,3
91A,91,A,1
93A,93,A,1
90B,90,B,2
218B,218,B,2
561A,561,A,1
218D,218,D,4
561B,561,B,2
560A,560,A,1
218A,218,A,1
222A,222,A,1
231B,231,B,2
231A,231,A,1
233B,233,B,2
234B,234,B,2
120D,120,D,4
130B,130,B,2
130A,130,A,1
129A,129,A,1
129C,129,C,3
104D,104,D,4
129B,129,B,2
108A,108,A,1
104C,104,C,3
115D,115,D,4
418A,418,A,1
338C,338,C,3
338D,338,D,4
418B,418,B,2
418C,418,C,3
417A,417,A,1
492G,492,G,7
131A,131,A,1
574B,574,B,2
785B,785,B,2
785C,785,C,3
784C,784,C,3
785D,785,D,4
784A,784,A,1
574A,574,A,1
573A,573,A,1
784B,784,B,2
693A,693,A,1
783A,783,A,1
573C,573,C,3
691D,691,D,4
573B,573,B,2
691C,691,C,3
783C,783,C,3
783D,783,D,4
783B,783,B,2
694A,694,A,1
693B,693,B,2
694D,694,D,4
694B,694,B,2
694C,694,C,3
693C,693,C,3
813A,813,A,1
502D,502,D,4
502C,502,C,3
813B,813,B,2
513A,513,A,1
513D,513,D,4
513B,513,B,2
513C,513,C,3
675D,675,D,4
675C,675,C,3
449A,449,A,1
93B,93,B,2
92B,92,B,2
90A,90,A,1
997A,997,A,1
997C,997,C,3
997B,997,B,2
233A,233,A,1
232C,232,C,3
233C,233,C,3
232B,232,B,2
494G,494,G,7
494H,494,H,8
442A,442,A,1
363A,363,A,1
494J,494,J,9
322D,322,D,4
362C,362,C,3
140B,140,B,2
366A,366,A,1
363B,363,B,2
140A,140,A,1
362B,362,B,2
362A,362,A,1
366B,366,B,2
992B,992,B,2
461A,461,A,1
461D,461,D,4
998B,998,B,2
991A,991,A,1
992A,992,A,1
140D,140,D,4
140C,140,C,3
996A,996,A,1
996B,996,B,2
998A,998,A,1
991B,991,B,2
182A,182,A,1
462A,462,A,1
461C,461,C,3
461B,461,B,2
995A,995,A,1
996C,996,C,3
182B,182,B,2
462C,462,C,3
462B,462,B,2
995C,995,C,3
995B,995,B,2
999B,999,B,2
323D,323,D,4
606B,606,B,2
462D,462,D,4
605B,605,B,2
605A,605,A,1
605C,605,C,3
437A,437,A,1
460A,460,A,1
606A,606,A,1
606D,606,D,4
438C,438,C,3
606C,606,C,3
605D,605,D,4
460B,460,B,2
83B,83,B,2
460C,460,C,3
240A,240,A,1
460D,460,D,4
83A,83,A,1
